page,total_requests,ip_count
/,5109,3389
/placeslug/siargao/,745,608
/place/27/1/2026/,735,600
/userProfile/register,213,189
/apis/getPlaceBlogs/Siargao/,175,123
/discuss/27,165,121
/garden/map/siargao,151,109
/assets/images/,141,121
/admin/login/,132,115
/place/json/27/1/2026/,118,95
/userProfile/aboutUs,100,97
/userProfile/privacypolicy,91,87
/static/home/images/favicon-16x16.png,88,39
/home/getcarpooljson/,87,75
/.well-known/,86,56
/userProfile/,84,80
/ads.txt,82,49
/userProfile/termsandconditions,78,77
/favicon.ico,76,44
/.env,67,31
/static/home/images/favicon-32x32.png,64,32
/static/home/images/favicon.ico,61,31
/cgi-bin/,58,37
/garden/allplace,57,5
/placeslug/bohol-island/,54,25
/.git/config,50,14
/resorts/sampalochostel/,49,47
/assets/,45,30
/pages/hat/,43,32
/ALFA_DATA/alfacgiapi/,42,27
/apis/get_calendar_view/,38,29
/admin/controller/extension/extension/,33,33
/resorts/autopopulateResort,32,29
/resorts/thepentabeachresort/,32,14
/admin/,29,27
/imageapp/images/Siargao/,27,18
/backup/,26,14
/apple-touch-icon.png,26,13
/userProfile/login,25,24
/pages/cloud9/,25,15
/garden/visitor/,24,16
/wordpress/,24,14
/wp/,24,14
/apple-touch-icon-precomposed.png,24,12
/pages/blog/siargao/siargao-travel-guide-2025/,23,23
/modules/,22,14
/new/,22,13
/siargao/check/omni-island-service,22,10
/sitemap.xml.gz,22,9
/images/stories/,21,18
/blog/,21,13
/home/carpool/,19,19
/apis/getresortitem/sampalochostel/,19,14
/old/,19,13
/.vscode/sftp.json,19,11
/favicon.ico/,19,7
/admin/images/slider/,18,18
/sitemap.xml,18,18
/siargao/check/omni-island-service/,18,14
/place/27/1/2026/${blog.localurlpath},18,9
/admin/jsi18n/,18,1
/admin/editor/,17,17
/admin/fckeditor/editor/filemanager/,17,17
/placeslug/calatagan-batangas/,17,17
/pages/blog/laiya-batangas/how-to-get-in-tourist-destination/,16,16
/resorts/SampalocHostelResort/,16,16
/images/,16,9
/sftp-config.json,16,8
/place/27/1/2026/${app_link}/${arg1},16,7
/garden/map/${p.img},15,15
/home/autopopulate/,15,15
/pages/chemtrix/,15,6
/place/27/1/2026/${href},14,7
/siargao/check/siargao-island-boat-trip-tours,14,4
/home/htmltest/,12,12
/pages/blog/siargao/taktak-falls/,12,12
/atom.xml,12,6
/place/27/1/2026/$2,12,6
/sitemaps.xml,12,6
/sitemap.txt,12,5
/place/27/1/2026/favicon.ico,12,3
/product/hxxl/index.html,12,3
/apis/getresortitem/saffron-shore-siargao-beachfront-villas/,11,5
/siargao/check/saffron-shore-siargao-beachfront-villas/,11,3
/userProfile/howitwork,10,10
/siargao/check/siargao-island-boat-trip-tours/,10,9
/place/json/27/12/2025/,10,7
/resorts/seaviewforestanilao/,10,6
/apis/getresortitem/omni-island-service/,10,5
/sitemap_index.xml,10,5
/place/placename/Siargao/community-bulletin/,10,2
/apis/events/Siargao/,10,1
/place/json/27/2/2026/,9,8
/places/siargao/2026/2/,9,8
/place/27/,9,7
/index.html,9,6
/mini,9,6
/pages/blog/siargao/visit-madga-spring-pool-a-complete-travel-guide/,9,6
/pages/bucasgrande/,9,6
/garden/map/,9,5
/admin/home/requestpagesummary/,9,1
/alfa,8,7
/est/omni-island-service/,8,7
/est/resort/createnewresort,8,7
/life/union-housing/,8,6
/place/27/11/2025/,8,6
/.well-known/acme-challenge,8,5
/est/saffron-shore-siargao-beachfront-villas/,8,5
/private,8,5
/#,8,4
/.aws/credentials,8,4
/.git/HEAD,8,4
/.svn/wc.db,8,4
/carpool,8,4
/gaocc/g445g,8,4
/gaocc/g445g/,8,4
/https:/paratara.com/,8,4
/artisan,8,2
/garden/look/4WGBVR,8,2
/pages/blog/siargao/visit-firefly-watching-a-complete-travel-guide/firefly-watching/,7,7
/place/9/1/2026/,7,7
/garden/check_visitor/,7,6
/pages/blog/siargao/bucas-grande-island-jellyfish-sanctuary/,7,6
/config.json,7,5
/pages/blog/siargao/why-freezer-fridges-matter-in-siargao/,7,5
/userProfile/registerjson,7,5
/x/,7,5
/garden/look/LO6AR,7,4
/garden/map/Siargao,7,4
/place/27/12/2025/,7,4
/pages/blog/siargao/visit-secret-beach-a-complete-travel-guide/,6,5
/resorts/unwndbotiquehotel/,6,5
/static/home/layoutschedulemodal.js,6,5
/.trash7309/dd/,6,4
/.trash7309/f/,6,4
/.trash7309/fafa/,6,4
/static/resortgroup/resortgroupthumbnail.jpg,6,4
/WordPress/x/,6,4
/.well-knownold/,6,3
/ALFA_DATA/,6,3
/ALFA_DATA/alfacgiapi,6,3
/apis/getresortitem/cloud-nine-breeze/,6,3
/Assets/,6,3
/components/,6,3
/est/omni-island-service,6,3
/featured-article-library/,6,3
/files/,6,3
/garden/home/LO6AR,6,3
/include/,6,3
/php/,6,3
/plugins/,6,3
/shop/,6,3
/sites/default/files/,6,3
/swagger-ui.html,6,3
/swagger/index.html,6,3
/swagger/swagger-ui.html,6,3
/system/,6,3
/template/,6,3
/vendor/,6,3
/vendor/composer/,6,3
/vendor/phpunit/phpunit/src/Util/PHP/,6,3
/webjars/swagger-ui/index.html,6,3
/place/27/1/2026/${nextLink},6,2
/place/27/1/2026/${prevLink},6,2
/place/27/1/2026/${schedDatas[i].scheduleWebsite},6,2
/apis/getresortitem/omni-general-luna-rentals/,5,5
/imageapp/images/siargao/,5,5
/pages/blog/siargao/enjoying-sugba-lagoon-siargao/,5,5
/pages/blog/siargao/sugba-lagoon/,5,5
/resorts/sunset-sand-dunes/,5,5
/debug/default/view,5,4
/est/${encodeURIComponent(r.name)}/,5,4
/files,5,4
/pages/resortgroup/,5,4
/upull/part-prices/,5,4
/apis/getresortitem/fishermans-wharf-inn/,5,3
/apis/getresortitem/seaviewforestanilao/,5,3
/cgi-bin,5,3
/local/,5,3
/Public/,5,3
/siargao/place/27/1/2026/,5,3
/Site/,5,3
/apis/getPlaceBlogs/Laiya Batangas/,4,4
/apis/getresortitem/siargao-island-boat-trip-tours/,4,4
/est/autopopulateResort,4,4
/lander/sber-fix/,4,4
/lander/testsberv4-copy--1/,4,4
/pages/blog/siargao/visit-firefly-watching-a-complete-travel-guide/,4,4
/siargao/check/garden-resort/,4,4
/assets/images,4,3
/est/SampalocHostelResort/,4,3
/images,4,3
/pages/sugba-lagoon/,4,3
/siargao/check/cloud-nine-breeze/,4,3
/siargao/place/27/12/2025,4,3
/apis/getresortitem/sunset-sand-dunes/,4,2
/app-ads.txt,4,2
/big-beg-petli-zasypnoy-vysypnoy/,4,2
/city-scholars/,4,2
/est/${encodeURIComponent(r.name)},4,2
/home/favicon.ico,4,2
/humans.txt,4,2
/license.txt,4,2
/llms.txt,4,2
/our-school/statutory-information/news_view_23_155.html,4,2
/our-school/statutory-information/show_152.html,4,2
/pages/blog/siargao/visit-firefly-watching-a-complete-travel-guide/firefly-watching,4,2
/place/27/1/2026/#community-bulletin,4,2
/place/27/1/2026/#events,4,2
/place/27/1/2026/#schedules,4,2
/place/27/1/2026/#top,4,2
/places/siargao/2026/3/,4,2
/security.txt,4,2
/siargao/check/saffron-shore-siargao-beachfront-villas,4,2
/singlepage2/templates/singlepage2/travel/philippines/cebu/cebucity/where-to-eat-breakfast-and-lunch.jpg,4,2
/vendor/phpunit/phpunit/phpunit.xsd,4,2
/api/action,4,1
/apis/getPlaceEvents/Siargao/,4,1
/apis/getresortitem/palm-canopy-escape/,4,1
/est/resort/createnewresort/,4,1
/garden/look/OWRRW,4,1
/garden/visitor,4,1
/login,4,1
/paypal/webhook/,4,1
/place/27/12/2025,4,1
/placeslug/siargao,4,1
/placeslug/siargao/place/27/1/2026/,4,1
/resorts/palm-canopy-escape/,4,1
/.well-known,3,3
/@vite/env,3,3
/_all_dbs,3,3
/about,3,3
/actuator/env,3,3
/api-docs/swagger.json,3,3
/api/swagger.json,3,3
/assets,3,3
/ecp/Current/exporttool/microsoft.exchange.ediscovery.exporttool.application,3,3
/est/sampalochostel/,3,3
/est/sunset-sand-dunes/,3,3
/guides/company-formation-checklist/,3,3
/industries/credit-union-web-design/,3,3
/lander/-bull--sovkombank_quiz/,3,3
/lander/sber/,3,3
/login.action,3,3
/pages/blog/siargao/backpacker-travel-guide-siargao-island-philippines/,3,3
/pages/blog/siargao/magpupungko-rock-pools/,3,3
/pages/blog/siargao/maximize-cloud-9-siargao/,3,3
/pages/blog/siargao/visit-magkukuob-cave-a-complete-travel-guide/magkukuob-cave/,3,3
/places/siargao/2025/12/,3,3
/resorts/cloud-nine-breeze/,3,3
/server,3,3
/server-status,3,3
/siargao/place/27/12/2025/,3,3
/swagger.json,3,3
/swagger/v1/swagger.json,3,3
/telescope/requests,3,3
/v2/api-docs,3,3
/v3/api-docs,3,3
/.env.bak,3,2
/.tmb/,3,2
/fw/,3,2
/garden/home/09Z8ZR,3,2
/places/siargao/2026/1/,3,2
/private/,3,2
/siargao/place/27/1/2026,3,2
/study-at-coventry/apply-now/,3,2
/admin/phpmyadmin,3,1
/admin/phpMyAdmin,3,1
/garden/look/09Z8ZR,3,1
/pages/sugbalagoon/,3,1
/place/9/12/2025/,3,1
/placeslug/anilao-batangas/,3,1
/.well-known/security.txt,2,2
/admin/content/sitetree/,2,2
/apis/getresortitem/paradise-beach-resort/,2,2
/est/tidal-pools-hideaway/,2,2
/garden/home/2S7CS,2,2
/garden/home/4WGBVR,2,2
/garden/look/60JDK,2,2
/place/10/10/2025/,2,2
/place/10/11/2025/,2,2
/place/23/11/2025/,2,2
/place/27/1/2026/#,2,2
/place/27/1/2026/#blogs,2,2
/place/9/11/2025/,2,2
/place/json/27/3/2026/,2,2
/place/json/27/4/2026/,2,2
/places/siargao/2026/4/,2,2
/properties/broadway-retail/,2,2
/resorts/${encodeURIComponent(r.name)},2,2
/resorts/fishermans-wharf-inn/,2,2
/resorts/myresortnameinquezon/,2,2
/resorts/saffron-shore-siargao-beachfront-villas/,2,2
/s/731323e2538313e27363e2237313/_/;/META-INF/maven/com.atlassian.jira/jira-webapp-dist/pom.properties,2,2
/siargao-island/check/paradise-beach-resort/,2,2
/static/images/sugbalagoon-cover.jpg,2,2
/userProfile/login/,2,2
/$,2,1
/.env.development,2,1
/.env.local,2,1
/.env.production,2,1
/.env.staging,2,1
/_profiler/phpinfo,2,1
/about-us/our-governance/academic-regulations/show_152.html,2,1
/admin,2,1
/administrator/,2,1
/apis/getPlaceBlogs/Siargao,2,1
/app.js,2,1
/apps,2,1
/case/22.html,2,1
/config.js,2,1
/docs/State_Authorizations/Texas_Notice_to_Students.pdf,2,1
/dui/news_155.html,2,1
/dui/news_view_23_155.html,2,1
/est/${encodeURIComponent(r.name)}/${img},2,1
/est/palm-canopy-escape,2,1
/favicon.png,2,1
/feed/atom/,2,1
/garden/home/CQ0JNK,2,1
/garden/home/CWME1,2,1
/garden/look/CWME1,2,1
/hosting-students/,2,1
/index.htm,2,1
/index3.html,2,1
/livewire/components,2,1
/livewire/components/,2,1
/livewire/message/,2,1
/main.js,2,1
/muslim-and-christian-interfaith-evensong-in-st-hughs-college-chapel/,2,1
/new/48.html,2,1
/our-school/statutory-information/product.html,2,1
/pages/blog/siargao/enjoying-sugba-lagoon-siargao,2,1
/pages/blog/siargao/visit-madga-spring-pool-a-complete-travel-guide,2,1
/pages/blog/siargao/visit-tayangban-cave-pool-a-complete-travel-guide/tayangban-cave-pool,2,1
/place/json/27/1/2026,2,1
/placeslug/siargao-island/,2,1
/placeslug/Siargao/,2,1
/product/3.html,2,1
/products/naval/inertial-systems,2,1
/programs--courses/capu-for-you/international-students/services--support-for-international-students/immigration-advising/,2,1
/programs--courses/capu-for-you/international-students/services--support-for-international-students/immigration-advising/product_161.html,2,1
/programs/licensure/licensure-transfer/,2,1
/programs/undergraduate/bachelor-science-healthcare-administration/,2,1
/resorts/show/unwndbotiquehotel/,2,1
/schedule/102/delete/,2,1
/static/shepherd-logo.png,2,1
/userProfile/view/0F6iHssB70Cfn9AsCpjsuygdIvkskJ86j2CRtTXnwUKjkQswbr5pmB9rbpowJ6zj/${data.commentList[i].senderID},2,1
/userProfile/view/1BH199v24MYU9yA9wARbQRIXevctNTfqXjiQS0tTX5T7Ghtd5cBqAhPCThskp9sj/${data.commentList[i].senderID},2,1
/userProfile/view/1d5MUedMbCv84qscJKxPUtXE1cGJ36JJHiirsMYVkp3TXlDzHsl83xG4RiLao7UO/${data.commentList[i].senderID},2,1
/userProfile/view/1e4IBSSqnmJFAkDayXeAaj7ObodYhDpD97cuNZYYu57l1QrAWA19hlaGpmVsjKFC/${data.commentList[i].senderID},2,1
/userProfile/view/1FlMQIv6nYHCMwIK78Z8RwivIyrQtfeAHBVC4I48lIocMFThJVAnXGQMPj4XH9Lk/${data.commentList[i].senderID},2,1
/userProfile/view/2EaIxpjrtyR9nbMDIHDRcd9c1OTIml2r2MunkafwZMqge31myBZFzDJNob5pwIw0/${data.commentList[i].senderID},2,1
/userProfile/view/2pPyQjFNaWGYVK5Ps0bv4yVX9244QVUAmVdChjNe1MXljNp97F5ZQDaXiSFmRan8/${data.commentList[i].senderID},2,1
/userProfile/view/2XNqTYpJUUDW32EEGNAUE1kQ0LpPiiITMY7p9uZDQGzpwuX3aLiZWuoIGGD3X6Zp/${data.commentList[i].senderID},2,1
/userProfile/view/3NfFvcXpBy0qMZgogF0wlSCt7v0DshCyw3FJlLnuxjAelvltxXbuY6MVb2nbkfim/${data.commentList[i].senderID},2,1
/userProfile/view/43jpsTHJlxZrR1ZZlmdHxD9HqDSa60rbYFE6jSZF2Bsg4Qc13dZXkxMfka5Zr38I/${data.commentList[i].senderID},2,1
/userProfile/view/4NFBI1l9y5V9VCbDqEGBHdFtce08U3BAF6lcUMi0zK1i9EqQca2BeOt3XechUjzE/${data.commentList[i].senderID},2,1
/userProfile/view/4oOUmcvH2NdMPo6Rdra2ZzBwlpo63AWvyqs19F4IaArn54ocLfyjls1qDiWS66jK/${data.commentList[i].senderID},2,1
/userProfile/view/4uoOzFJFHorNtcAzBBiygobK13dO8uBuTTrBNFIzeuLwD88ECGxvKpnwMQAmrPnW/${data.commentList[i].senderID},2,1
/userProfile/view/7eEnX8IugMmBsrG6IW3yKUMH6CdqjJAlv7EiU4z2u7xhgnZdv3PCGKZfpH2wOK5f/${data.commentList[i].senderID},2,1
/userProfile/view/7eggIglDghhyZ9ugDP15VQCfLHz1cj8hSFlY6hxl3TjkNm2YtlPgADeFl5xnoOPK/${data.commentList[i].senderID},2,1
/userProfile/view/950PnYFgM54RAsHPkeEiMlNZRfsd0AOgEhabzdJ2GI8GbFbMKO2Fwo39oQQ6iHAj/${data.commentList[i].senderID},2,1
/userProfile/view/9Ae3mXbQ0iNoKxrleKKBK7OCsC0tGJUZkAEbRPKWngHwmnw7TPDxrThgymhX8fPK/${data.commentList[i].senderID},2,1
/userProfile/view/9IkIsgJs4DeNknRfFIaltSCDhwqoah6lAyGnaYg1lKUoVTS2jWuhfin6NJ4zcYfD/${data.commentList[i].senderID},2,1
/userProfile/view/9k6eDaMTuMKBSkgWxF9QgnLeyXtxBlRP0Ygox1L6FTKc6toBLek4Npd2My99NMKL/${data.commentList[i].senderID},2,1
/userProfile/view/9S7migq1rFUOaUYZFyxFeglrszXu5XVmG8WJ92pxFmHBy4K7APervV1z8aAQbUR3/${data.commentList[i].senderID},2,1
/userProfile/view/A18nMpQH1TX3dBXHrdSbHqBaXJZA2nMnSO5xnoPvZCRA74exnsOMZobiH1gqP9NM/${data.commentList[i].senderID},2,1
/userProfile/view/aUmtvIxi8rY6TBXOb5Yy1zUb6odXmTgjhye57IniTXgOjHECtsa2PrAi6hoN2Ult/${data.commentList[i].senderID},2,1
/userProfile/view/BvhIJJyYQNtufH0zgIfECgJlYtul7pBvTrzoqwqGzWbDh8dACvzCYtxW7bmDOBKN/${data.commentList[i].senderID},2,1
/userProfile/view/BXrP7v3Ber2nCWmat4KIt7aWPHqp8M5Qb74cTEVmb30KsTQyeoiNxkxWxzSyTDHd/${data.commentList[i].senderID},2,1
/userProfile/view/cP9nqjtOUGeHO3hQPLL1cm7oMk5StXalL6vQ5piwu0Abi2IrerWjaHV7QQjbjoOO/${data.commentList[i].senderID},2,1
/userProfile/view/cVxy8wKQ32QW0hyqZOlWZ4NFGiapHe18e1yX5zoJnoj5MEF55Bg5M5qt5J86qnDp/${data.commentList[i].senderID},2,1
/userProfile/view/CzXE7CjWf8ObCfx063GhSMgMglbreAsLzi0whNsU9QVt5nLFKo0jehTEtWvuoCZW/${data.commentList[i].senderID},2,1
/userProfile/view/D2bsCtT5UzsaDG04ZttvbWcYGREdjjLyIhRm8W1YrpZSUZlf2eFi4OGrpP1EtsTh/${data.commentList[i].senderID},2,1
/userProfile/view/Dd0PhviLW22ebZYBnVG3Ck5TKhvCUj5brTTWUvwnGXhCJiRYV3VUYDAKZjsMxULK/${data.commentList[i].senderID},2,1
/userProfile/view/dgJYZwE2A6UIY3LmkjoYJ0X7Ll0OgGSPtHh5RZWVf7CmqdpBTLpxAKB3YfwqU1HN/${data.commentList[i].senderID},2,1
/userProfile/view/DS1A4BC9j5VMDKnDdgbA1jFRirQnZ0pR3X9BadRwLCVzS6IO9oP0BibNTqJ7ulZj/${data.commentList[i].senderID},2,1
/userProfile/view/DVspHy91z42ZNcVxodl8JSlJJvgk8K6WhqhtEFmGwzNbLUM7aYzSj9tv7pfm9KaD/${data.commentList[i].senderID},2,1
/userProfile/view/E7GfUQs2z4f773SuaurwNvPyuvAZjcQe7uxk5HXs5BCfS4tOIYWcOwYYcHkVavVY/${data.commentList[i].senderID},2,1
/userProfile/view/EjldN6LsqoIvnLVumtDlNplXNRPmyuluU4Vsfb1Y5UmO4qrnymfjPP3zCJ8zxLtD/${data.commentList[i].senderID},2,1
/userProfile/view/EmILy15RzIvXFZloCTn0uKYwOlzcN89FyYMpKfuGbqCMXaRdRXtqfmGhp1IuCb7u/${data.commentList[i].senderID},2,1
/userProfile/view/euruaVgHuN0obNhoLKYLveqRrOTWqSwdHp1VkLRIwXdcLzuNRob6B4tmhQloaHT5/${data.commentList[i].senderID},2,1
/userProfile/view/F3FNPrFQCuq0QrLO7ZkByWULNGHvQQWxvKEE5kkSobpOeLW00tikVFjaeTpBpMbD/${data.commentList[i].senderID},2,1
/userProfile/view/f5j7JUEriNn1I31qEcAf2BwZbSPM7wBeJUInErbjLzz3e2ujGXO89ow52lEIVjqe/${data.commentList[i].senderID},2,1
/userProfile/view/FCrxXRLBMdRnMy5ESBoxLNwjcL1EWPQfG6TRJiKvjLLfbEWFurFnTcJMerkBIeeh/${data.commentList[i].senderID},2,1
/userProfile/view/fEtQdfxj1PBZy23SKYmhDF2GbXGAFert5IhSAQts3B7Q72RJ2088N1dkzGlj9YOm/${data.commentList[i].senderID},2,1
/userProfile/view/Fq2YQD517cRAJvgNPpf2h21SKet1yZR533C5kvjKIY28r7PEcTKkGN85HwTNodSZ/${data.commentList[i].senderID},2,1
/userProfile/view/g6UlUCjUsdiHWXCaV65oyXPAOfsdtZfXKZ2ldGF46MtPyq8OPh5PURrKVOokAHZI/${data.commentList[i].senderID},2,1
/userProfile/view/gKv5Pq6PcpHfp55NEp3rsBxKC1Gti7b6KnKHuObC9paKYu8G6dZ9LCWlQLVZ4fYU/${data.commentList[i].senderID},2,1
/userProfile/view/GRERZWJ7gmZFHoXQd1mg6aNIsVOxjCRKfh25qAGwXPXTv2KOZtHDGBK6sKVMayVX/${data.commentList[i].senderID},2,1
/userProfile/view/GZecobq6oYOWvOrqU42BB9IlmZzfA5OHpAgQBMAI4J6KhTv2dnqLLcpYImCnhUw7/${data.commentList[i].senderID},2,1
/userProfile/view/gZRBdKcvfYk2TI9fewL2hLlhyPmeWZkPBdTtSqi891LjLMhq9Ira5WRXwgT3WxbB/${data.commentList[i].senderID},2,1
/userProfile/view/h6tmSF6En6OJUkmIZP62KsU6KMamHTzLbzTpMg7hn6OqqqbyqANYxXd89Nk731xA/${data.commentList[i].senderID},2,1
/userProfile/view/HAuRuJGVBq85S5TlPl5L9bZ7X2zvId0WkVw3bnfZHNTyQVRHdz6vd2RSU0dXuCvA/${data.commentList[i].senderID},2,1
/userProfile/view/hIKkCvBblCFYa25AaPmNA0hPyJWAQTFv8dd3kJyCZBOHlhsEC3aB07yiGkVwHFHG/${data.commentList[i].senderID},2,1
/userProfile/view/HyhS7MyQ8NVefOoAAEZxqZmXyps5EUdqUFkjAiy3N8vtlxU5XfZBgx6uOAL3eykF/${data.commentList[i].senderID},2,1
/userProfile/view/IcRl8QhtDV7UIM3vYmEdUUM8NrZAtHZJT58iQdTGxfzZooDJyUTOtlLklmcOtEsr/${data.commentList[i].senderID},2,1
/userProfile/view/if1BPEcVlEgqfR3vvwur9dtl5xX3iT1s6lmgUQVPkwlO3a0Kavkw4UfCza3UsZwG/${data.commentList[i].senderID},2,1
/userProfile/view/ikQ3y86c6lJfDxgGHyAdPNQt3Qdu5WUmGlUTn2inIvYDmHpErb1AlKjAraVfWn8c/${data.commentList[i].senderID},2,1
/userProfile/view/JAux75BsmM2CWMirgGdKJWjl4VPtBNlzYUqKBI0F16rqUNvbJFxA4EUuJxVEatNl/${data.commentList[i].senderID},2,1
/userProfile/view/Jg5XFljldcFQjL3z6ZVkdJFEUYy28Dq3dUxrmBuUwjzcuAvlewicwXvhfzxloYd0/${data.commentList[i].senderID},2,1
/userProfile/view/jKilmeUtybPCFUAsjD2NSuBrPS0MRRgbK2LwYtG0RtivnyNPIHRl9QE9wzj9i6WH/${data.commentList[i].senderID},2,1
/userProfile/view/Jv1l1JqhV9hEdRzfoFMdxviUfjSm5JGocWMfKg6Uznif5LJU5uvHJnQvTxSUtNj5/${data.commentList[i].senderID},2,1
/userProfile/view/kLxiOjwMk5NdYja1wfqZDjXknYogQj7oj86zb5JVkynqDxP5OUeQ2SSbTzzZy0kh/${data.commentList[i].senderID},2,1
/userProfile/view/kuNMs3PTMOwaBt23H4WtrFqqV0R9uHZ9zgLRmfIO78UyC2pHWxjGeLnOwaYYHl8t/${data.commentList[i].senderID},2,1
/userProfile/view/l8k6seRu0p5qmIbOE49WNMTwKnKScHCrboixZninD5NnDhkabN0MSwtakkdhFDlr/${data.commentList[i].senderID},2,1
/userProfile/view/lc4UQ6MPkB2PuV4eSoM0N6gZ48DxVbFTGXdjCzQ3ZG6Gbt2Ljh9GG38FfQLbZZwO/${data.commentList[i].senderID},2,1
/userProfile/view/LU3TcxHNqOCfgz0UgB8OVvZXPal0ieVmktH3Ic9W1hcJv8YbvmUASiz9ifxYYvrx/${data.commentList[i].senderID},2,1
/userProfile/view/MAKN5e6cyJeBzbPOPEULsnB1c7RKJ4hasPaYGkf58KolN554opOCjm7574WXlp2a/${data.commentList[i].senderID},2,1
/userProfile/view/MkuZQoI4ARJd68qDkJNE9BThaZ8dj5NS0q0Q5DhUhqY7Q9HktJCR6pzXsQgSEr9r/${data.commentList[i].senderID},2,1
/userProfile/view/n7eCBIeOjJVr7d2hNOS6WMQaqNed6HVHil7Q06wfGEl238ZcmT3bqv5BMYbJpAuq/${data.commentList[i].senderID},2,1
/userProfile/view/N9k8AExYTVG02aHtMWQ7s4RxjQYF4Hp6C7EFORmbMlj9ftb2RQRGxG2V9ul3Akd4/${data.commentList[i].senderID},2,1
/userProfile/view/NewSahnoJQFJwCnC706m0IaxTKA3r0hcSU5IFjkHRy322tkur5f0SvgA2zVO13g5/${data.commentList[i].senderID},2,1
/userProfile/view/Nfb2fb9mrf4KDySD8XSOHUK1tDeo3tzmqnRlbYHGxbtGs0xNDOBhFxOdgD7lTWIA/${data.commentList[i].senderID},2,1
/userProfile/view/njDDZucr6dUMYfkhP9eeiY4sK32JubQ4z2I8g6DkiXbTjDLFFwPUXwsnkpS4tpY5/${data.commentList[i].senderID},2,1
/userProfile/view/nvUwu8PMTr5xriAp2jlF22jmIqu4o48MEmDmIr9Y2tBUmAMhklKpPIrfgG9p4yMI/${data.commentList[i].senderID},2,1
/userProfile/view/o59Orl3M1CSFFxqn1Rc5ShcIKNqlF6P3qQw0MJLEDteDpDop5PyxAfVLVaVIxon5/${data.commentList[i].senderID},2,1
/userProfile/view/oCW0V9MPJ8VnES6bVeZnirY08ZS80yqu5NEeVb6jScuOxxtRMozQZDrWZWcxlFGV/${data.commentList[i].senderID},2,1
/userProfile/view/oFF2LhH5XAGAwCS3wDSLqn6Wx4b5CDJiXNxzkcLx7EvTWVVE78FHk7ec9doehTVm/${data.commentList[i].senderID},2,1
/userProfile/view/ojW3GfywhLTirtiWXiIURrsyKklxDtYxPzbQfL7LSeFTBastfMwSGy2vSn5pMwlk/${data.commentList[i].senderID},2,1
/userProfile/view/OQVWG09lGMF7s9c7iZKSdEooP69HZCopmPnYatbXhNGjTt7yhwaTPQFoOEHmM9xp/${data.commentList[i].senderID},2,1
/userProfile/view/paqixwKhKzMMq3tvbXa6kLFtW5CFYKIOf5cOEHKAPojtI8EjMXynLp8hbLPtldNd/${data.commentList[i].senderID},2,1
/userProfile/view/pccktXrjG5zLzn8eHvPnLQ94tbdh4yeTXwctzc5EuygUhQGwxwFoSyIAa5S1QQhR/${data.commentList[i].senderID},2,1
/userProfile/view/pOnU0tTGBws5B2JD4mWdTH9VeZ0IlUoKrXB5zfGQhvhVxtLbBRSzt5D2LaCH3dJ5/${data.commentList[i].senderID},2,1
/userProfile/view/pUJoCXLQ6VQ3WNAlLodWFPE7arxKL4sb8rbBRf49TtySttonz73sElYn1gObIndw,2,1
/userProfile/view/pUJoCXLQ6VQ3WNAlLodWFPE7arxKL4sb8rbBRf49TtySttonz73sElYn1gObIndw/${data.commentList[i].senderID},2,1
/userProfile/view/qOI7YWKtNmmDsPt8pjumSz0hZ7G4hKBTJYXyjtxYsuXPqZBisau2eSApGBascGvg/${data.commentList[i].senderID},2,1
/userProfile/view/QPZxT0F7EQ9Wk94iUtsEwRjdYi6WCrsKi6bOEuscHCGDGd2xJK8LT9kSgcwtj9zD/${data.commentList[i].senderID},2,1
/userProfile/view/qr4qo2jbeF31BpL5D7JKQDObbVGg89rOKzdpqvVdZw3gWmfaJTNhSQZkFb0XxleK/${data.commentList[i].senderID},2,1
/userProfile/view/Qw48yyLp9jMiPs0ezrlbXxtT6MPAWal7LsmyFqXjNOj78B288QmUZFQvtgXOhp23/${data.commentList[i].senderID},2,1
/userProfile/view/r1TLijfHJG5rCRV5S7y3tPsgltbYzucAu4aL4UC1h5z7ei61BKUsaf9xSzD51tw7/${data.commentList[i].senderID},2,1
/userProfile/view/r42p7TIGCSyVnVkK2UzXTGQjl63s7GEZd6SrKl0TJmR02ztYHTRhwynX4eoEdaW5/${data.commentList[i].senderID},2,1
/userProfile/view/R5fMPUIM4liLr6NbcZFXTmIMWwD1YKV9Yi3STrjLFgSFwrHMA3WRHj7dKilZcubu/${data.commentList[i].senderID},2,1
/userProfile/view/ramPtcF5NRM4DdeDHIXYBYnUZw7CRsYQdCS3NO0DAAVxnshEif0GOCtibDfNcBZZ/${data.commentList[i].senderID},2,1
/userProfile/view/SBvmEtWFO3V9R7FS4tavZiUckX32tDJhEbhIEwvUZtlt8fugIywAaGOEHwXuNGA0/${data.commentList[i].senderID},2,1
/userProfile/view/SH6MhH7RhP1ADfv3kBsLzKok3hzzUrHGaQYXKgNITPyvmjERcI08qqeqDJeC9trl/${data.commentList[i].senderID},2,1
/userProfile/view/sLLdmPKDmwoUWG2lrOMOiHmdtgJJKL1glq2HFxmRO5BB2qK7oNzBbo7grm3F5LmI/${data.commentList[i].senderID},2,1
/userProfile/view/sU8OPAYrpD29rgwbZVWFG4doYHcP5XsGxQV8vN0rOP3zmX4zxALRYJ2sCh6VMs9X/${data.commentList[i].senderID},2,1
/userProfile/view/T83rYg0v2d6R4cqkF2GHyjbfWfo3VcPGdU2c0rY3fk7kZTEeN5ZSUMu3xmU44Yp2/${data.commentList[i].senderID},2,1
/userProfile/view/Tds41awBkVx4bEWUL8e73rTqhmMOzfj97gUjLiHQXDbeSroawFIRf8RdQGNcMxzD/${data.commentList[i].senderID},2,1
/userProfile/view/tHwikQ7l7S6Qn0DRtkuGJxhqEO1iAbGl8MWyrlGtsmsXWZl8JNYL76HoF9gKMipL/${data.commentList[i].senderID},2,1
/userProfile/view/TJWvgB8BQxwdUri0FTqaPnAKwMeSjVlLsvzAJCk2I219YLK4uXSWUyNcCfNBYehl/${data.commentList[i].senderID},2,1
/userProfile/view/Tw7CHXIwrQmPIEOZku1skiKGZ21fPZeH9qBRmWLlsHJTXMsoo0JmkII59qMrgciG/${data.commentList[i].senderID},2,1
/userProfile/view/uemZshOfaJFlHkcieEdldMSjMoDvqESNCH7iYIBKbxblphYkQOW0ZnoiQexlt4ch/${data.commentList[i].senderID},2,1
/userProfile/view/uJQwPRFdEGiTm1emzjxqHztFjawdm1MDeaJXX5wavDUGoazbCsneaxBME7KiWn0U/${data.commentList[i].senderID},2,1
/userProfile/view/UqPL375dMLi57LyiqPGSL4T4Pz8C8UKSfQAryZqKMVPOHpClME9dKVkKQaBkoseT/${data.commentList[i].senderID},2,1
/userProfile/view/UuDQ8R4EAcZjmlIKGxlJGYIJgPANx1o2YXFgz1E7l6nGkGmNNQc4DjxhTA2EnnjZ/${data.commentList[i].senderID},2,1
/userProfile/view/uUiOooL7OVmkhhVrQaKyLqQY0p8APRaDzmM13C8VT3r8Z13uP4205Bziv6zlsm8Q/${data.commentList[i].senderID},2,1
/userProfile/view/UxdXYQs3vAG8SK0M6OEpYERkocdcRycSmbe1rpnL22XcQDqP4OcbcfHsppVjydC4/${data.commentList[i].senderID},2,1
/userProfile/view/VcOqupUDVpsPDuuGpbxSPgpgQLazFPi5tBy6coSrtETVhOmJvLky3HZTu1rDGpoH/${data.commentList[i].senderID},2,1
/userProfile/view/VdJNe6RbXcraJ5b17xkzVho6PvQGJ2F5z7H7dvQY7QUGZwLDlDsFzTQPnmsYiqae/${data.commentList[i].senderID},2,1
/userProfile/view/VmekMAFgavrE1e0RMj1JqkfuE9d3JF2k1hm54Q5mPZo5bmLfoD1ZOgNzb4zoeSy1/${data.commentList[i].senderID},2,1
/userProfile/view/Vt0ViVSkxffCTaWeXlMEzi0oCX1vanhMs5ANpvPRzM2U5q8yX15NCaTaZRGdqHtw/${data.commentList[i].senderID},2,1
/userProfile/view/Wf02alb0ozuvt3hprPwVk4E6J4ewGdNLveiSaktq2P93FlKaN4cZuogRgZPiZz17/${data.commentList[i].senderID},2,1
/userProfile/view/wf7X0breNlUhf00qB7SADdGsvnbLla9Z02LSyfWdrqTIGNt2HR12zaClDNteOPiB/${data.commentList[i].senderID},2,1
/userProfile/view/wThIsBenK6U5urkYNcfljht6IcvWoLYySyv29ZUYJwmLVk8zjfORwypfmwUKCbqe/${data.commentList[i].senderID},2,1
/userProfile/view/wUOYuWuZyLiKbKmdrzq2YzocnUz2YoOvs1CM2hnLxT0P7oehez2pnzjmXHWLln2X/${data.commentList[i].senderID},2,1
/userProfile/view/WwoTIJSNuCqCaMM5tIGbEGuMXuNPwMTXMj5Snp25hWaYTBremUAgoBogJRrQl0FU/${data.commentList[i].senderID},2,1
/userProfile/view/xD3CpmVQ9XTyJd0TJMkEoelpD3VlM8xB0v7x17jGmcGB6NZ4ca7QZS4h7epOFC3D/${data.commentList[i].senderID},2,1
/userProfile/view/xnxCadijgMpIcimTvLBgpWFor54IEWjPfENaFzIV1lGb8d31tivxjTOzLmlCXDia/${data.commentList[i].senderID},2,1
/userProfile/view/xRD4q6zJWH8W3wNbO1plz51z0nOZk4NMjEm0gzZn75IyRtTTgP08cvVzX5jR362A/${data.commentList[i].senderID},2,1
/userProfile/view/xsXqHwbUFbCnwRw53HObNMaVfRK6E0UAGdKuLFWNahWr2f5MxUwCIb1lcVNJpC5y/${data.commentList[i].senderID},2,1
/userProfile/view/y1Pu5KpZiyy4dOhOnwXlpM0AnyllgEISJByVW0ae6BCUGz4MJz4AnRRgR0b916Ut/${data.commentList[i].senderID},2,1
/userProfile/view/ye8zA2nkVtoSoe7Pu2V7TXyzDbTmQY8vGFCT4pI63NvkJtkQiuf4S0Gz2wOBlj3a/${data.commentList[i].senderID},2,1
/userProfile/view/YjjC5AmXx4WLiINu0cIYTupfezg7v8o7RQhDvnDYlJrzlQJlBRCfUCRFQganGmmH/${data.commentList[i].senderID},2,1
/userProfile/view/YNJBydJlzU7cB5yE5YrLx6wdYIhSD2P7Ifv38qns8NRIsybgpzpYjOnX0s3pClyL/${data.commentList[i].senderID},2,1
/userProfile/view/YSjLsMB2NoCAezKHcqE4CkDGEIz5FZDDShjvlrQFf6Y398Qv7FFILC2OVAfrNemL/${data.commentList[i].senderID},2,1
/userProfile/view/Ywr4JXVGHzbOcZzxc3fwLCTrd7malndedodiMyxqnrHmgvHfpmYEiSSTA7T8SKUE/${data.commentList[i].senderID},2,1
/userProfile/view/YY7Yy3PU0GoDfdIVwN0Zy8uZtQnOxtr7WxwGKmN9hwn5cxddbmXLCXswgnYsN34J/${data.commentList[i].senderID},2,1
/userProfile/view/ZAPwutcjo1YKlt7qeQWzLDAatmFAfTew71Za87gVyTqcHQ9JgChdd7XZKU2revZL/${data.commentList[i].senderID},2,1
/userProfile/view/ZDqezJa0CRJU1lt5rB5vNzfskJUxMQrFokCuNpmwYNidFY3KIFNfUlgBgqJYnkyl/${data.commentList[i].senderID},2,1
/userProfile/view/zoZm05FSqNmgOHtA2QeuaD6lqOrEW65PefSg6lNqdqbRCLED1ZlJfiOfTtz1638t/${data.commentList[i].senderID},2,1
/userProfile/view/ZPCuFmgoCFEjM7834K57DVczUnuePgE6prpdjztbAoaRe3mygXgM2qu7bKPTDj0F/${data.commentList[i].senderID},2,1
/userProfile/view/zvrTRI3oi5CfakJyj1YqQIPMFHnNH4wWd7e1Srtb1xHO3zAEIgpuPHpqJpACHoXI/${data.commentList[i].senderID},2,1
/userProfile/view/zXUhothz122fkveRDEGFkLcwv9YvFw06lC37NHh1WdCo4EFwwOP2ucgjWzyqFmZx/${data.commentList[i].senderID},2,1
/.env.save,1,1
/addScheduleReview/51,1,1
/admin/.env,1,1
/admin/controller/extension/extension,1,1
/admin/home/requestlog/,1,1
/admin/home/requestpage/,1,1
/admin/home/requestpagesummary/10562/change/,1,1
/admin/home/requestpagesummary/10898/change/,1,1
/admin/home/requestpagesummary/1549/change/,1,1
/admin/home/requestpagesummary/1587/change/,1,1
/admin/home/requestpagesummary/5086/change/,1,1
/admin/home/requestpagesummary/6612/change/,1,1
/admin/home/requestpagesummary/8152/change/,1,1
/apis/getPlaceBlogs/Anilao Batangas/,1,1
/apis/getPlaceBlogs/Calatagan Batangas/,1,1
/apis/getPlaceBlogs/San Narciso Zambales/,1,1
/apis/getresortitem/garden-resort/,1,1
/apis/getresortitem/mountain-view-eco-resort/,1,1
/apis/subscribe/,1,1
/challenges/future-innovator-prize-18/,1,1
/consumerinformation/textbook-pricing/,1,1
/discuss/10,1,1
/discuss/23,1,1
/discuss/6,1,1
/est/cloud-nine-breeze/,1,1
/est/fishermans-wharf-inn/,1,1
/est/laguna-pebble-resort/,1,1
/est/luna-lagoon-villas/,1,1
/est/palm-canopy-escape/,1,1
/est/sapphire-surf-retreat/,1,1
/est/seaviewforestanilao/,1,1
/est/thepentabeachresort/,1,1
/etc/phpmyadmin/,1,1
/garden/home/0MH8I,1,1
/garden/home/60JDK,1,1
/garden/home/AGDC7,1,1
/garden/home/GVYM8,1,1
/garden/home/OWRRW,1,1
/garden/home/VJNMJ,1,1
/garden/look/0MH8I,1,1
/garden/look/2S7CS,1,1
/garden/look/CQ0JNK,1,1
/garden/look/GVYM8,1,1
/garden/look/null,1,1
/garden/look/VJNMJ,1,1
/garden/map/calatagan-batangas,1,1
/google48bcdfe5ffff5f5a.html,1,1
/news/paid-industry-placement-in-the-quaint-town-of-hanmer-springs/,1,1
/our-university/term-dates/,1,1
/pages/blog/,1,1
/pages/blog/siargao/best-time-to-visit-harana-in-siargao/,1,1
/pages/blog/siargao/coconut-trees-view-deck-in-siargao/,1,1
/pages/blog/siargao/essential-precautions-for-visiting-siargao/,1,1
/pages/blog/siargao/visit-tayangban-cave-pool-a-complete-travel-guide/,1,1
/pages/blog/siargao/visit-tayangban-cave-pool-a-complete-travel-guide/tayangban-cave-pool/,1,1
/pages/blog/siargao/visit-tiktikan-lagoon-a-complete-travel-guide/,1,1
/place/20/,1,1
/place/20/10/2025/,1,1
/place/23/,1,1
/place/23/12/2025/,1,1
/place/24/10/2025/,1,1
/place/24/12/2025/,1,1
/place/26/11/2025/,1,1
/place/27/community-bulletin/14/delete/,1,1
/place/27/community-bulletin/15/delete/,1,1
/place/27/create-schedule/,1,1
/place/9/,1,1
/place/9/10/2025/,1,1
/place/json/27/10/2025/,1,1
/place/json/27/11/2025/,1,1
/place/json/27/5/2026/,1,1
/place/json/27/6/2026/,1,1
/place/json/27/7/2026/,1,1
/place/json/27/8/2025/,1,1
/place/json/27/8/2026/,1,1
/place/json/27/9/2025/,1,1
/place/json/27/9/2026/,1,1
/place/json/29/11/2025/,1,1
/place/json/6/10/2025/,1,1
/place/San Felipe Zambales/,1,1
/place/San Narciso Zambales/,1,1
/places/siargao/2025/10/,1,1
/places/siargao/2025/11/,1,1
/places/siargao/2025/12/your-blog-url-here,1,1
/places/siargao/2025/8/,1,1
/places/siargao/2025/9/,1,1
/places/siargao/2026/5/,1,1
/places/siargao/2026/6/,1,1
/places/siargao/2026/7/,1,1
/places/siargao/2026/8/,1,1
/places/siargao/2026/9/,1,1
/placeslug/boracay/,1,1
/placeslug/manila/,1,1
/resortManagement/qr/eyJpZCI6IDEyMCwgImlkX3BpY3R1cmUiOiBudWxsLCAicm9vbSI6IDI0MCwgInJlc29ydCI6IDQ1LCAiY2hlY2tpbl9kYXRlIjogIjIwMjUtMTEtMDNUMTU6MDA6MDArMDA6MDAiLCAiY2hlY2tvdXRfZGF0ZSI6ICIyMDI1LTExLTA1VDEyOjAwOjAwKzAwOjAwIiwgImd1ZXN0X25hbWUiOiAiamMiLCAiZ3Vlc3RfZW1haWwiOiAiZEBnbWFpbC5jb20iLCAiZ3Vlc3RfcGhvbmUiOiAiMDkiLCAic3BlY2lhbF9yZXF1ZXN0cyI6ICJhYSIsICJjaGVja2VkX2luIjogdHJ1ZSwgImNoZWNrZWRfaW5fYnkiOiA0fQ==,1,1
/resortManagement/subscription/,1,1
/resorts/autopopulateresort/,1,1
/resorts/garden-resort/,1,1
/resorts/ocr-process-openai/,1,1
/resorts/ocr-save-menu/,1,1
/resorts/palm-canopy-escape,1,1
/resorts/paradise-beach-resort/,1,1
/resorts/resortgroup/,1,1
/s/2333e28363e21323e2430313/_/;/META-INF/maven/com.atlassian.jira/jira-webapp-dist/pom.properties,1,1
/siargao/check/coca,1,1
/siargao/check/fishermans-wharf-inn/,1,1
/static/bootstrap/css/bootstrap-grid.css,1,1
/static/bootstrap/css/bootstrap-grid.min.css,1,1
/static/bootstrap/css/bootstrap-grid.rtl.css,1,1
/static/bootstrap/css/bootstrap-grid.rtl.min.css,1,1
/static/bootstrap/css/bootstrap.rtl.css,1,1
/static/bootstrap/css/bootstrap.rtl.min.css,1,1
/static/picture/1-230H2134601525.png,1,1
/tools-guides/codes-standards/,1,1
/userProfile/view/HrDcB6eRCOEVGa1g4zZbrysSKbHcJdMvsZHgZVmRr582Mt56Jrj7cGCaOOdFzqpt/${data.commentList[i].senderID},1,1
/userProfile/view/lOM9M6l8qG1tkxKwyLcmr4J9SwdKYI5Y6mQdaVt8fXvAqQOmdDwiccTrW9JdOVIW/${data.commentList[i].senderID},1,1
/userProfile/view/pgTuYmwPokTMgjwD0OEfFysY1oLi06CwxKc9EWfJLvwcmAT94SUtUQvX9KnsYYuP/${data.commentList[i].senderID},1,1
/userProfile/view/xTozLjff2X3BihW56NsxcwKCudcYRoU8FnHerTY9p8G1oyjBaRILrONBCzO8PgMr/${data.commentList[i].senderID},1,1
/var/phpmyadmin/,1,1
/var/phpMyAdmin/,1,1
/var/pma/,1,1
